{"epoch": 2, "loss_trn": 0.2618446983397007, "loss_val": 0.24859563757975897, "acc_val": 0.041666666666666664, "lwlrap_val": 0.14567981862152618, "_step": 1, "_runtime": 32, "_timestamp": 1612093902}