{"epoch": 35, "loss_trn": 0.0037740839670152852, "loss_val": 0.06336604735196986, "acc_val": 0.7613168724279835, "lwlrap_val": 0.8492476201057433, "_step": 34, "_runtime": 1881, "_timestamp": 1612507442}