{"epoch": 35, "loss_trn": 0.010972664568990561, "loss_val": 0.06763298884647373, "acc_val": 0.7325102880658436, "lwlrap_val": 0.8294310975074767, "_step": 34, "_runtime": 1875, "_timestamp": 1612346948}