{"epoch": 15, "loss_trn": 0.18087424399952093, "loss_val": 0.3070881435026725, "acc_val": 0.08333333333333333, "lwlrap_val": 0.18943527014926076, "_step": 14, "_runtime": 260, "_timestamp": 1612075175}