{"epoch": 35, "loss_trn": 0.00965565131385672, "loss_val": 0.06686809343197708, "acc_val": 0.7325102880658436, "lwlrap_val": 0.8329883098602295, "_step": 34, "_runtime": 1873, "_timestamp": 1612000034}