{"epoch": 2, "loss_trn": 0.25129320099949837, "loss_val": 0.224980304017663, "acc_val": 0.041666666666666664, "lwlrap_val": 0.16076097606370846, "_step": 1, "_runtime": 61, "_timestamp": 1612094113}