{"epoch": 25, "loss_trn": 0.06608784327536453, "loss_val": 0.14842410544391538, "acc_val": 0.2581967213114754, "lwlrap_val": 0.42166229903697966, "_step": 24, "_runtime": 1342, "_timestamp": 1612313901}