{"acc_val_folds_mean": 0.041666666666666664, "acc_val_folds_std": 0.0, "acc_oof": 0.0, "lwlrap_val_folds_mean": 0.15613069346485037, "lwlrap_val_folds_std": 0.0009424025968959027, "lwlrap_oof": 0.10978009551763535, "_step": 0, "_runtime": 1, "_timestamp": 1612443966}