{"epoch": 15, "loss_trn": 0.18965618312358856, "loss_val": 0.19346006214618683, "acc_val": 0.041666666666666664, "lwlrap_val": 0.16413374493519467, "_step": 14, "_runtime": 47, "_timestamp": 1612443488}