{"epoch": 2, "loss_trn": 0.23646216901640096, "loss_val": 0.2294871217260758, "acc_val": 0.041666666666666664, "lwlrap_val": 0.15719138070320088, "_step": 1, "_runtime": 6, "_timestamp": 1612137565}