{"epoch": 2, "loss_trn": 0.2527576709787051, "loss_val": 0.22115075029432774, "acc_val": 0.041666666666666664, "lwlrap_val": 0.16002874340241152, "_step": 1, "_runtime": 38, "_timestamp": 1612399361}