{"epoch": 35, "loss_trn": 0.010511673387725821, "loss_val": 0.06567419032133165, "acc_val": 0.757201646090535, "lwlrap_val": 0.8433533334732053, "_step": 34, "_runtime": 1998, "_timestamp": 1612107755}