{"epoch": 35, "loss_trn": 0.009676980403159102, "loss_val": 0.07101882319636796, "acc_val": 0.6995884773662552, "lwlrap_val": 0.8091002893447875, "_step": 34, "_runtime": 1860, "_timestamp": 1612162083}