{"epoch": 35, "loss_trn": 0.009572766615481777, "loss_val": 0.06820142691487392, "acc_val": 0.6995884773662552, "lwlrap_val": 0.810462131500244, "_step": 34, "_runtime": 2003, "_timestamp": 1612109761}