{"epoch": 16, "loss_trn": 0.17225077748298645, "loss_val": 0.2491209382812182, "acc_val": 0.08333333333333333, "lwlrap_val": 0.1989848439892133, "_step": 15, "_runtime": 51, "_timestamp": 1612443438}