{"acc_val_folds_mean": 0.020833333333333332, "acc_val_folds_std": 0.020833333333333332, "acc_oof": 0.0, "lwlrap_val_folds_mean": 0.15411954365360242, "lwlrap_val_folds_std": 0.005774207180365934, "lwlrap_oof": 0.19478289783000946, "_step": 0, "_runtime": 2, "_timestamp": 1612075423}