{"epoch": 32, "loss_trn": 0.009376333385452996, "loss_val": 0.08243275000179401, "acc_val": 0.6721311475409836, "lwlrap_val": 0.789515697956085, "_step": 31, "_runtime": 1713, "_timestamp": 1612078021}