{"epoch": 2, "loss_trn": 0.24084088516732058, "loss_val": 0.2161700533082088, "acc_val": 0.041666666666666664, "lwlrap_val": 0.16102735651656983, "_step": 1, "_runtime": 6, "_timestamp": 1612137540}