{"epoch": 35, "loss_trn": 0.07027032208712226, "loss_val": 0.10596800181600782, "acc_val": 0.4897119341563786, "lwlrap_val": 0.638097012042999, "_step": 34, "_runtime": 1868, "_timestamp": 1612063136}