{"epoch": 35, "loss_trn": 0.009686969145022156, "loss_val": 0.07392224363614748, "acc_val": 0.6995884773662552, "lwlrap_val": 0.8156824469566344, "_step": 34, "_runtime": 1872, "_timestamp": 1612092765}