{"epoch": 35, "loss_trn": 0.010054337493155473, "loss_val": 0.07752406600190968, "acc_val": 0.6680327868852459, "lwlrap_val": 0.7948644304275513, "_step": 34, "_runtime": 1874, "_timestamp": 1612399799}