{"epoch": 10, "loss_trn": 0.055841541216697224, "loss_val": 0.08263035790353525, "acc_val": 0.610655737704918, "lwlrap_val": 0.748864793777466, "_step": 9, "_runtime": 534, "_timestamp": 1612398459}