{"epoch": 1, "loss_trn": 0.26941169485633754, "loss_val": 0.19233101923934748, "acc_val": 0.10245901639344263, "lwlrap_val": 0.253175348341465, "_step": 0, "_runtime": 55, "_timestamp": 1612397980}