{"epoch": 2, "loss_trn": 0.24268547321359316, "loss_val": 0.25760752024749917, "acc_val": 0.041666666666666664, "lwlrap_val": 0.15371882853408655, "_step": 1, "_runtime": 7, "_timestamp": 1612137531}