{"epoch": 30, "loss_trn": 0.004940420189400974, "loss_val": 0.07819617180856037, "acc_val": 0.6967213114754098, "lwlrap_val": 0.8075114011764525, "_step": 29, "_runtime": 1607, "_timestamp": 1612548760}