{"epoch": 35, "loss_trn": 0.06614142941178913, "loss_val": 0.10498246871732145, "acc_val": 0.4732510288065844, "lwlrap_val": 0.6464269316196443, "_step": 34, "_runtime": 1865, "_timestamp": 1612065004}