{"epoch": 2, "loss_trn": 0.21823293436318636, "loss_val": 0.18551419861614704, "acc_val": 0.041666666666666664, "lwlrap_val": 0.1565132196992636, "_step": 1, "_runtime": 6, "_timestamp": 1612443910}