{"epoch": 35, "loss_trn": 0.003924347875201414, "loss_val": 0.06807168777035588, "acc_val": 0.7736625514403292, "lwlrap_val": 0.850380747318268, "_step": 34, "_runtime": 1872, "_timestamp": 1612457714}