{"epoch": 35, "loss_trn": 0.009277122652871006, "loss_val": 0.07940875280831682, "acc_val": 0.7049180327868853, "lwlrap_val": 0.8084930086135864, "_step": 34, "_runtime": 1874, "_timestamp": 1612375899}