{"epoch": 1, "loss_trn": 0.37906689072648686, "loss_val": 0.27815628920992214, "acc_val": 0.041666666666666664, "lwlrap_val": 0.14821859868243334, "_step": 0, "_runtime": 59, "_timestamp": 1611992544}