{"epoch": 2, "loss_trn": 0.889459420616428, "loss_val": 0.780342380826672, "acc_val": 0.041666666666666664, "lwlrap_val": 0.15733159271379307, "_step": 1, "_runtime": 6, "_timestamp": 1612413047}