{"epoch": 35, "loss_trn": 0.009643854334789478, "loss_val": 0.06851067531426422, "acc_val": 0.7213114754098361, "lwlrap_val": 0.8134444427490233, "_step": 34, "_runtime": 1868, "_timestamp": 1612087291}