{"acc_val_folds_mean": 0.041666666666666664, "acc_val_folds_std": 0.0, "acc_oof": 0.0, "lwlrap_val_folds_mean": 0.15356958525565761, "lwlrap_val_folds_std": 0.006459158146753907, "lwlrap_oof": 0.11725427955389023, "_step": 0, "_runtime": 1, "_timestamp": 1612399407}