{"epoch": 2, "loss_trn": 0.2274003221342961, "loss_val": 0.25580927667518455, "acc_val": 0.041666666666666664, "lwlrap_val": 0.154915779363364, "_step": 1, "_runtime": 33, "_timestamp": 1612075460}