{"epoch": 2, "loss_trn": 0.24347083022197089, "loss_val": 0.20587737361590067, "acc_val": 0.041666666666666664, "lwlrap_val": 0.16727702956025797, "_step": 1, "_runtime": 6, "_timestamp": 1612312295}