{"acc_val_folds_mean": 0.7113303649733522, "acc_val_folds_std": 0.01742323499729578, "acc_oof": 0.7113486842105263, "lwlrap_val_folds_mean": 0.8170211913585662, "lwlrap_val_folds_std": 0.009310305807878509, "lwlrap_oof": 0.8131385445594788, "_step": 0, "_runtime": 2, "_timestamp": 1612094648}