{"acc_val_folds_mean": 0.041666666666666664, "acc_val_folds_std": 0.0, "acc_oof": 0.0, "lwlrap_val_folds_mean": 0.15934365312568846, "lwlrap_val_folds_std": 0.004427873762324452, "lwlrap_oof": 0.1299654245376587, "_step": 0, "_runtime": 1, "_timestamp": 1612075503}