{"epoch": 2, "loss_trn": 0.2338598451266686, "loss_val": 0.19395025012393793, "acc_val": 0.041666666666666664, "lwlrap_val": 0.15724282913530865, "_step": 1, "_runtime": 7, "_timestamp": 1612443721}