{"epoch": 2, "loss_trn": 0.23106114690502486, "loss_val": 0.21397237790127596, "acc_val": 0.041666666666666664, "lwlrap_val": 0.16500559526806075, "_step": 1, "_runtime": 7, "_timestamp": 1612443926}