{"acc_val_folds_mean": 0.7451325642582474, "acc_val_folds_std": 0.04629026861922176, "acc_oof": 0.7450657894736842, "lwlrap_val_folds_mean": 0.8365921201705933, "lwlrap_val_folds_std": 0.02815304871692834, "lwlrap_oof": 0.8353810906410217, "_step": 0, "_runtime": 1, "_timestamp": 1612556259}