{"epoch": 35, "loss_trn": 0.010373141098756034, "loss_val": 0.06566474979183802, "acc_val": 0.7613168724279835, "lwlrap_val": 0.8294757521152495, "_step": 34, "_runtime": 1871, "_timestamp": 1612003798}