{"epoch": 35, "loss_trn": 0.009728086629399547, "loss_val": 0.08444675842880225, "acc_val": 0.6475409836065574, "lwlrap_val": 0.7814013528823851, "_step": 34, "_runtime": 1875, "_timestamp": 1612335488}