{"epoch": 2, "loss_trn": 0.21848980523645878, "loss_val": 0.18965128622949123, "acc_val": 0.08333333333333333, "lwlrap_val": 0.1838940922170877, "_step": 1, "_runtime": 6, "_timestamp": 1612443898}