{"epoch": 35, "loss_trn": 0.011004362472611549, "loss_val": 0.06718493786490994, "acc_val": 0.7242798353909465, "_step": 34, "_runtime": 1875, "_timestamp": 1611916499}