{"epoch": 35, "loss_trn": 0.010181976001774787, "loss_val": 0.0672697618511724, "acc_val": 0.7407407407407407, "lwlrap_val": 0.8261983633041381, "_step": 34, "_runtime": 1867, "_timestamp": 1611998158}