{"epoch": 35, "loss_trn": 0.08042569469204909, "loss_val": 0.12466572285648972, "acc_val": 0.49794238683127573, "lwlrap_val": 0.6483403444290162, "_step": 34, "_runtime": 1874, "_timestamp": 1612488518}