{"acc_val_folds_mean": 0.041666666666666664, "acc_val_folds_std": 0.0, "acc_oof": 0.5, "lwlrap_val_folds_mean": 0.1573315927137931, "lwlrap_val_folds_std": 4.3885418357208765e-17, "lwlrap_oof": 0.5452967286109924, "_step": 0, "_runtime": 1, "_timestamp": 1612413052}