{"epoch": 2, "loss_trn": 1.4365763453145821, "loss_val": 0.8796225978682438, "acc_val": 0.041666666666666664, "lwlrap_val": 0.15733159271379316, "_step": 1, "_runtime": 6, "_timestamp": 1612413037}