{"epoch": 35, "loss_trn": 0.04226885854677208, "loss_val": 0.14197404566125124, "acc_val": 0.3497942386831276, "lwlrap_val": 0.5096126449108124, "_step": 34, "_runtime": 1871, "_timestamp": 1612318826}