{"epoch": 26, "loss_trn": 0.0050772787093300705, "loss_val": 0.07421624835258649, "acc_val": 0.7242798353909465, "lwlrap_val": 0.8228684020042419, "_step": 25, "_runtime": 1390, "_timestamp": 1612459108}