{"epoch": 35, "loss_trn": 0.052987958489317075, "loss_val": 0.11163763272664184, "acc_val": 0.45267489711934156, "lwlrap_val": 0.6222292244434356, "_step": 34, "_runtime": 1878, "_timestamp": 1612584479}