{"epoch": 35, "loss_trn": 0.010426129896925018, "loss_val": 0.06731838342032315, "acc_val": 0.7325102880658436, "lwlrap_val": 0.8230554342269897, "_step": 34, "_runtime": 1858, "_timestamp": 1612141494}