{"epoch": 2, "loss_trn": 0.2288690060377121, "loss_val": 0.23177940833071867, "acc_val": 0.08333333333333333, "lwlrap_val": 0.17328878367940587, "_step": 1, "_runtime": 28, "_timestamp": 1613243851}