{"epoch": 35, "loss_trn": 0.04077671315337037, "loss_val": 0.09078777323431167, "acc_val": 0.6024590163934426, "lwlrap_val": 0.7311538767814636, "_step": 34, "_runtime": 1865, "_timestamp": 1612473524}