{"epoch": 4, "loss_trn": 0.23491232097148895, "loss_val": 0.31316709021727246, "acc_val": 0.08333333333333333, "lwlrap_val": 0.16737894962231317, "_step": 3, "_runtime": 14, "_timestamp": 1612574963}