{"epoch": 35, "loss_trn": 0.006945837226879131, "loss_val": 0.07613570438582956, "acc_val": 0.7407407407407407, "lwlrap_val": 0.8302286171913147, "_step": 34, "_runtime": 1880, "_timestamp": 1612469773}