{"epoch": 35, "loss_trn": 0.055111596634552146, "loss_val": 0.10332533812204016, "acc_val": 0.49794238683127573, "lwlrap_val": 0.6547336935997009, "_step": 34, "_runtime": 1873, "_timestamp": 1612578831}