{"acc_val_folds_mean": 0.7327767658368751, "acc_val_folds_std": 0.02950466836707185, "acc_oof": 0.7327302631578947, "lwlrap_val_folds_mean": 0.8302349491119385, "lwlrap_val_folds_std": 0.01952918283700243, "lwlrap_oof": 0.8281920552253723, "_step": 0, "_runtime": 1, "_timestamp": 1612364648}