{"epoch": 28, "loss_trn": 0.0041247512318803295, "loss_val": 0.07661136246637487, "acc_val": 0.6967213114754098, "lwlrap_val": 0.8130553555488587, "_step": 27, "_runtime": 1504, "_timestamp": 1612510829}