{"epoch": 35, "loss_trn": 0.009326322875158102, "loss_val": 0.07405188855272336, "acc_val": 0.6926229508196722, "lwlrap_val": 0.8075825476646423, "_step": 34, "_runtime": 1861, "_timestamp": 1612158352}