{"epoch": 2, "loss_trn": 0.21663108157614866, "loss_val": 0.18335931934416294, "acc_val": 0.041666666666666664, "lwlrap_val": 0.1559908039246996, "_step": 1, "_runtime": 6, "_timestamp": 1612443979}