{"epoch": 35, "loss_trn": 0.012401628425729606, "loss_val": 0.058745221644946576, "acc_val": 0.7325102880658436, "lwlrap_val": 0.84173579454422, "_step": 34, "_runtime": 1878, "_timestamp": 1612452456}