{"epoch": 2, "loss_trn": 0.255517798786362, "loss_val": 0.2848897638420264, "acc_val": 0.041666666666666664, "_step": 1, "_runtime": 6, "_timestamp": 1611905988}