{"acc_val_folds_mean": 0.08333333333333333, "acc_val_folds_std": 0.0, "acc_oof": 0.4583333333333333, "lwlrap_val_folds_mean": 0.1765954302779088, "lwlrap_val_folds_std": 0.002394500421360121, "lwlrap_oof": 0.506538450717926, "_step": 0, "_runtime": 1, "_timestamp": 1613197246}