{"epoch": 35, "loss_trn": 0.006331183493459298, "loss_val": 0.07454141084349057, "acc_val": 0.6926229508196722, "lwlrap_val": 0.8009668231010437, "_step": 34, "_runtime": 1737, "_timestamp": 1612096756}