{"epoch": 35, "loss_trn": 0.01925817768128717, "loss_val": 0.07823909104154005, "acc_val": 0.720164609053498, "lwlrap_val": 0.8111465835571289, "_step": 34, "_runtime": 1874, "_timestamp": 1612479137}