{"epoch": 2, "loss_trn": 0.23056364680329958, "loss_val": 0.23637552186846733, "acc_val": 0.08333333333333333, "lwlrap_val": 0.1742009298565487, "_step": 1, "_runtime": 36, "_timestamp": 1613197689}