{"epoch": 35, "loss_trn": 0.011168784223581144, "loss_val": 0.06608078506135155, "acc_val": 0.7530864197530864, "lwlrap_val": 0.8450914216041564, "_step": 34, "_runtime": 1863, "_timestamp": 1612160219}