{"acc_val_folds_mean": 0.7245429400256358, "acc_val_folds_std": 0.023643682964319644, "acc_oof": 0.7245065789473685, "lwlrap_val_folds_mean": 0.8243484892845154, "lwlrap_val_folds_std": 0.01679716657338016, "lwlrap_oof": 0.8236069679260254, "_step": 0, "_runtime": 1, "_timestamp": 1612407331}