{"epoch": 2, "loss_trn": 0.24023494310677052, "loss_val": 0.22856178258856139, "acc_val": 0.041666666666666664, "lwlrap_val": 0.14816256240010262, "_step": 1, "_runtime": 6, "_timestamp": 1612575020}