{"epoch": 35, "loss_trn": 0.005530690055489847, "loss_val": 0.07165325134072775, "acc_val": 0.7078189300411523, "lwlrap_val": 0.8216777825355527, "_step": 34, "_runtime": 1868, "_timestamp": 1612552510}