{"epoch": 35, "loss_trn": 0.009688291610634952, "loss_val": 0.07066346723356365, "acc_val": 0.691358024691358, "lwlrap_val": 0.8072136330604553, "_step": 34, "_runtime": 1878, "_timestamp": 1612152753}