{"epoch": 2, "loss_trn": 0.22220994035402933, "loss_val": 0.18242285338540873, "acc_val": 0.041666666666666664, "lwlrap_val": 0.16153570466364425, "_step": 1, "_runtime": 8, "_timestamp": 1612443874}