{"epoch": 35, "loss_trn": 0.010185219067027304, "loss_val": 0.07387066032706832, "acc_val": 0.691358024691358, "lwlrap_val": 0.8092483162879943, "_step": 34, "_runtime": 1874, "_timestamp": 1612083652}