{"acc_val_folds_mean": 0.4539195844296026, "acc_val_folds_std": 0.018311763997618625, "acc_oof": 0.45394736842105265, "lwlrap_val_folds_mean": 0.6225972703695297, "lwlrap_val_folds_std": 0.016133246622731093, "lwlrap_oof": 0.6228223443031311, "_step": 1, "_runtime": 1, "_timestamp": 1613309883, "conf_mat_table": {"_type": "table-file", "path": "media/table/conf_mat_table_1_329ddbf6.table.json", "sha256": "329ddbf60e3dae7c192ea613e28fae7fc7bb701f58bea314c9ec4929d51e6bd8", "size": 17505, "ncols": 3, "nrows": 576}}