{"epoch": 11, "loss_trn": 0.17423802614212036, "loss_val": 0.17698204517364502, "acc_val": 0.041666666666666664, "lwlrap_val": 0.17375878492991131, "_step": 10, "_runtime": 35, "_timestamp": 1612574834}