{"epoch": 35, "loss_trn": 0.011622443258234003, "loss_val": 0.06689352388857814, "acc_val": 0.7119341563786008, "lwlrap_val": 0.821006395816803, "_step": 34, "_runtime": 1876, "_timestamp": 1612403565}