{"epoch": 25, "loss_trn": 0.16151031217089407, "loss_val": 0.17519508790774424, "acc_val": 0.11885245901639344, "lwlrap_val": 0.2749924939870835, "_step": 24, "_runtime": 1336, "_timestamp": 1612414489}