{"epoch": 2, "loss_trn": 0.2290116169800361, "loss_val": 0.27397830970585346, "acc_val": 0.0, "lwlrap_val": 0.13814522357036668, "_step": 1, "_runtime": 6, "_timestamp": 1612443763}