{"epoch": 35, "loss_trn": 0.009272039514379922, "loss_val": 0.07951377191748775, "acc_val": 0.7008196721311475, "lwlrap_val": 0.806603982448578, "_step": 34, "_runtime": 1884, "_timestamp": 1612345070}