{"epoch": 35, "loss_trn": 0.012085662095138434, "loss_val": 0.05766818507999918, "acc_val": 0.757201646090535, "lwlrap_val": 0.8507160282135008, "_step": 34, "_runtime": 1870, "_timestamp": 1612535876}