{"epoch": 35, "loss_trn": 0.00659830883080245, "loss_val": 0.06605887379297995, "acc_val": 0.757201646090535, "lwlrap_val": 0.8384149956703184, "_step": 34, "_runtime": 11954, "_timestamp": 1613449078}