{"epoch": 35, "loss_trn": 0.06425082238672448, "loss_val": 0.09555022044436921, "acc_val": 0.5761316872427984, "lwlrap_val": 0.7069123899936676, "_step": 34, "_runtime": 1876, "_timestamp": 1612061264}