{"epoch": 35, "loss_trn": 0.009817990518432544, "loss_val": 0.06757720336777928, "acc_val": 0.7078189300411523, "lwlrap_val": 0.8190597319602966, "_step": 34, "_runtime": 1872, "_timestamp": 1612339429}