{"epoch": 35, "loss_trn": 0.009288813555105862, "loss_val": 0.06815582988285479, "acc_val": 0.7037037037037037, "lwlrap_val": 0.8192891788482667, "_step": 34, "_runtime": 1865, "_timestamp": 1612143363}