{"epoch": 2, "loss_trn": 0.24013873748481274, "loss_val": 0.23305154529710612, "acc_val": 0.041666666666666664, "lwlrap_val": 0.15603622452666358, "_step": 1, "_runtime": 7, "_timestamp": 1612312409}