{"epoch": 2, "loss_trn": 0.24233158739904562, "loss_val": 0.22005032623807588, "acc_val": 0.0, "_step": 1, "_runtime": 6, "_timestamp": 1611108728}