{"epoch": 2, "loss_trn": 0.24626117199659348, "loss_val": 0.2517365037153165, "acc_val": 0.041666666666666664, "lwlrap_val": 0.1478882802960773, "_step": 1, "_runtime": 28, "_timestamp": 1613391158}