{"epoch": 35, "loss_trn": 0.005836448650127554, "loss_val": 0.07327039133558058, "acc_val": 0.7489711934156379, "lwlrap_val": 0.8392595863342286, "_step": 34, "_runtime": 1874, "_timestamp": 1612466596}