{"epoch": 35, "loss_trn": 0.012090038160368063, "loss_val": 0.07037552675140686, "acc_val": 0.6967213114754098, "lwlrap_val": 0.8140935635566713, "_step": 34, "_runtime": 1874, "_timestamp": 1612530270}