{"epoch": 6, "loss_trn": 0.19084930730362734, "loss_val": 0.3374602807064851, "acc_val": 0.0, "lwlrap_val": 0.09359804292519887, "_step": 5, "_runtime": 98, "_timestamp": 1612074820}