{"epoch": 35, "loss_trn": 0.008094251363558307, "loss_val": 0.05834122718055062, "acc_val": 0.7489711934156379, "lwlrap_val": 0.8398895812034608, "_step": 34, "_runtime": 1877, "_timestamp": 1612547144}