{"epoch": 35, "loss_trn": 0.009245025120491598, "loss_val": 0.07715261466495815, "acc_val": 0.6926229508196722, "lwlrap_val": 0.8058955335617066, "_step": 34, "_runtime": 1993, "_timestamp": 1612105753}