{"epoch": 2, "loss_trn": 0.24977374076843262, "loss_val": 0.21533184529592594, "acc_val": 0.041666666666666664, "lwlrap_val": 0.1471104271089037, "_step": 1, "_runtime": 38, "_timestamp": 1612399402}