{"epoch": 35, "loss_trn": 0.011636316785847296, "loss_val": 0.05963659304895519, "acc_val": 0.757201646090535, "lwlrap_val": 0.8398138546943664, "_step": 34, "_runtime": 1872, "_timestamp": 1612537754}