{"acc_val_folds_mean": 0.041666666666666664, "acc_val_folds_std": 0.0, "acc_oof": 0.0, "lwlrap_val_folds_mean": 0.16275829286314547, "lwlrap_val_folds_std": 0.009075407637283206, "lwlrap_oof": 0.10968802124261856, "_step": 0, "_runtime": 2, "_timestamp": 1612094048}