{"epoch": 35, "loss_trn": 0.004547886704051636, "loss_val": 0.06859809266012391, "acc_val": 0.757201646090535, "lwlrap_val": 0.8378905606269835, "_step": 34, "_runtime": 1868, "_timestamp": 1612509313}