{"acc_val_folds_mean": 0.7179417122040073, "acc_val_folds_std": 0.024320870687582735, "acc_oof": 0.7179276315789473, "lwlrap_val_folds_mean": 0.8196042244434356, "lwlrap_val_folds_std": 0.0141229026167424, "lwlrap_oof": 0.818260908126831, "_step": 0, "_runtime": 1, "_timestamp": 1612156486}