{"epoch": 35, "loss_trn": 0.01240194761189503, "loss_val": 0.058501383262866566, "acc_val": 0.7366255144032922, "lwlrap_val": 0.8458216452598573, "_step": 34, "_runtime": 1874, "_timestamp": 1612405443}