{"epoch": 28, "loss_trn": 0.004404496383601522, "loss_val": 0.07158608129056393, "acc_val": 0.7448559670781894, "lwlrap_val": 0.8300856137275697, "_step": 27, "_runtime": 1500, "_timestamp": 1612514203}