{"epoch": 35, "loss_trn": 0.011173441887422553, "loss_val": 0.06456527740928371, "acc_val": 0.7407407407407407, "lwlrap_val": 0.8232879304885865, "_step": 34, "_runtime": 1880, "_timestamp": 1612407326}