{"epoch": 15, "loss_trn": 0.13956446918072524, "loss_val": 0.13695338911941793, "acc_val": 0.27049180327868855, "lwlrap_val": 0.477630090713501, "_step": 14, "_runtime": 810, "_timestamp": 1612444862}