{"epoch": 35, "loss_trn": 0.05223750327268705, "loss_val": 0.1123663611986019, "acc_val": 0.5020576131687243, "lwlrap_val": 0.6509267115592958, "_step": 34, "_runtime": 1858, "_timestamp": 1613204887}