{"epoch": 35, "loss_trn": 0.010160003438446467, "loss_val": 0.06384181878203718, "acc_val": 0.7613168724279835, "lwlrap_val": 0.8506581473350525, "_step": 34, "_runtime": 1864, "_timestamp": 1612154620}