{"epoch": 2, "loss_trn": 0.24164409811298052, "loss_val": 0.21200005896389484, "acc_val": 0.0, "lwlrap_val": 0.13286926473180455, "_step": 1, "_runtime": 6, "_timestamp": 1612137555}