{"epoch": 33, "loss_trn": 0.009545089376904644, "loss_val": 0.07410572176423583, "acc_val": 0.6995884773662552, "lwlrap_val": 0.8026018643379214, "_step": 32, "_runtime": 1758, "_timestamp": 1612085414}