{"epoch": 35, "loss_trn": 0.011152673316478177, "loss_val": 0.06429760575049208, "acc_val": 0.7448559670781894, "lwlrap_val": 0.8261482477188107, "_step": 34, "_runtime": 1875, "_timestamp": 1612454335}