{"epoch": 35, "loss_trn": 0.011239065558966421, "loss_val": 0.06473881453888897, "acc_val": 0.7654320987654321, "lwlrap_val": 0.8506658744812012, "_step": 34, "_runtime": 1861, "_timestamp": 1612169559}