{"epoch": 35, "loss_trn": 0.010959143268915022, "loss_val": 0.06755041910542382, "acc_val": 0.7242798353909465, "lwlrap_val": 0.8265455913543701, "_step": 34, "_runtime": 1879, "_timestamp": 1612001917}