{"epoch": 2, "loss_trn": 0.1517724609117449, "loss_val": 0.1436981403070395, "acc_val": 0.25, "lwlrap_val": 0.42343886613845827, "_step": 1, "_runtime": 686, "_timestamp": 1613244909}