{"acc_val_folds_mean": 0.020833333333333332, "acc_val_folds_std": 0.020833333333333332, "acc_oof": 0.0, "lwlrap_val_folds_mean": 0.13616610776322582, "lwlrap_val_folds_std": 0.005296768077338726, "lwlrap_oof": 0.09062033891677856, "_step": 0, "_runtime": 0, "_timestamp": 1612137618}