{"epoch": 35, "loss_trn": 0.01063338092663244, "loss_val": 0.05996693741269563, "acc_val": 0.757201646090535, "lwlrap_val": 0.8523675179481507, "_step": 34, "_runtime": 1869, "_timestamp": 1612331731}