{"epoch": 24, "loss_trn": 0.013732515639201465, "loss_val": 0.08767786835906682, "acc_val": 0.7037037037037037, "lwlrap_val": 0.8113547706604004, "_step": 23, "_runtime": 1290, "_timestamp": 1612467889}