{"epoch": 2, "loss_trn": 0.2414927240461111, "loss_val": 0.24035024953385195, "acc_val": 0.041666666666666664, "lwlrap_val": 0.1480471639273067, "_step": 1, "_runtime": 65, "_timestamp": 1612094183}