{"epoch": 35, "loss_trn": 0.010994180399476562, "loss_val": 0.0676040368714205, "acc_val": 0.7325102880658436, "lwlrap_val": 0.8312465810775757, "_step": 34, "_runtime": 1875, "_timestamp": 1612377777}