{"epoch": 28, "loss_trn": 0.004139556057958139, "loss_val": 0.08082327395524891, "acc_val": 0.6844262295081968, "lwlrap_val": 0.8101094341278077, "_step": 27, "_runtime": 1494, "_timestamp": 1612455838}