{"epoch": 2, "loss_trn": 0.2538474630564451, "loss_val": 0.2635730691254139, "acc_val": 0.041666666666666664, "lwlrap_val": 0.17244903960575655, "_step": 1, "_runtime": 34, "_timestamp": 1612074702}