{"epoch": 22, "loss_trn": 0.07778187228590709, "loss_val": 0.15658815168304208, "acc_val": 0.2757201646090535, "lwlrap_val": 0.4342242771387101, "_step": 21, "_runtime": 1167, "_timestamp": 1612316951}