{"epoch": 35, "loss_trn": 0.041917515977956774, "loss_val": 0.08263194637656703, "acc_val": 0.6460905349794238, "lwlrap_val": 0.745512964129448, "_step": 34, "_runtime": 1864, "_timestamp": 1612481005}