{"epoch": 3, "loss_trn": 0.18562304351827225, "loss_val": 0.1906660891486784, "acc_val": 0.1111111111111111, "lwlrap_val": 0.2551346963644028, "_step": 2, "_runtime": 159, "_timestamp": 1612479300}