{"epoch": 35, "loss_trn": 0.010634965157061662, "loss_val": 0.05982166198331387, "acc_val": 0.7654320987654321, "lwlrap_val": 0.8568675208091735, "_step": 34, "_runtime": 1875, "_timestamp": 1612362763}