{"epoch": 35, "loss_trn": 0.010551778543147068, "loss_val": 0.06460251024092543, "acc_val": 0.7366255144032922, "lwlrap_val": 0.8335349202156066, "_step": 34, "_runtime": 1881, "_timestamp": 1612350711}