{"epoch": 35, "loss_trn": 0.004381865732714473, "loss_val": 0.06359301537367297, "acc_val": 0.7818930041152263, "lwlrap_val": 0.8507510089874266, "_step": 34, "_runtime": 1878, "_timestamp": 1612503945}