{"epoch": 35, "loss_trn": 0.009488922805398887, "loss_val": 0.0764984842389822, "acc_val": 0.6967213114754098, "lwlrap_val": 0.8069594740867615, "_step": 34, "_runtime": 1867, "_timestamp": 1612167695}