{"epoch": 35, "loss_trn": 0.009722612192327843, "loss_val": 0.06705594666823438, "acc_val": 0.7366255144032922, "lwlrap_val": 0.8266312599182126, "_step": 34, "_runtime": 1989, "_timestamp": 1612113751}