{"epoch": 35, "loss_trn": 0.004404611395239325, "loss_val": 0.06895457527029171, "acc_val": 0.7407407407407407, "lwlrap_val": 0.8301252365112302, "_step": 34, "_runtime": 1868, "_timestamp": 1612512700}