{"epoch": 35, "loss_trn": 0.01028308255228483, "loss_val": 0.06765850934625407, "acc_val": 0.7407407407407407, "lwlrap_val": 0.8322108602523804, "_step": 34, "_runtime": 1859, "_timestamp": 1612329859}