{"epoch": 35, "loss_trn": 0.0120671582221602, "loss_val": 0.061517388180450154, "acc_val": 0.7695473251028807, "lwlrap_val": 0.851864252090454, "_step": 34, "_runtime": 1864, "_timestamp": 1612359003}