{"epoch": 27, "loss_trn": 0.00468878312766506, "loss_val": 0.07613452846856146, "acc_val": 0.7131147540983607, "lwlrap_val": 0.8237842702865601, "_step": 26, "_runtime": 1445, "_timestamp": 1612502063}