{"epoch": 35, "loss_trn": 0.012937603872518254, "loss_val": 0.07517565058643925, "acc_val": 0.6748971193415638, "lwlrap_val": 0.7914146065711976, "_step": 34, "_runtime": 2179, "_timestamp": 1612120311}