{"epoch": 35, "loss_trn": 0.004842815434209497, "loss_val": 0.0831311950803597, "acc_val": 0.7090163934426229, "lwlrap_val": 0.8176874828338623, "_step": 34, "_runtime": 1866, "_timestamp": 1612464718}