{"epoch": 35, "loss_trn": 0.009155734393308744, "loss_val": 0.08175703959508998, "acc_val": 0.6598360655737705, "lwlrap_val": 0.7797445940971375, "_step": 34, "_runtime": 1872, "_timestamp": 1612139633}