{"epoch": 35, "loss_trn": 0.005848709682437217, "loss_val": 0.06024131094538626, "acc_val": 0.757201646090535, "lwlrap_val": 0.8497714400291444, "_step": 34, "_runtime": 11951, "_timestamp": 1613437121}