{"epoch": 35, "loss_trn": 0.006910032222290569, "loss_val": 0.07127210879583418, "acc_val": 0.757201646090535, "lwlrap_val": 0.8359600782394407, "_step": 34, "_runtime": 1873, "_timestamp": 1612471649}