{"epoch": 35, "loss_trn": 0.010529363715498568, "loss_val": 0.06467296370523579, "acc_val": 0.7407407407407407, "lwlrap_val": 0.833472774028778, "_step": 34, "_runtime": 1867, "_timestamp": 1612381519}