{"acc_val_folds_mean": 0.041666666666666664, "acc_val_folds_std": 0.0, "acc_oof": 0.0, "lwlrap_val_folds_mean": 0.15487416088581085, "lwlrap_val_folds_std": 0.004130254965275526, "lwlrap_oof": 0.1311444640159607, "_step": 0, "_runtime": 1, "_timestamp": 1612312479}