{"epoch": 35, "loss_trn": 0.009710198407083414, "loss_val": 0.06746918895117049, "acc_val": 0.7407407407407407, "lwlrap_val": 0.8175682485103607, "_step": 34, "_runtime": 1862, "_timestamp": 1612165819}