{"acc_val_folds_mean": 0.041666666666666664, "acc_val_folds_std": 0.0, "acc_oof": 0.0, "lwlrap_val_folds_mean": 0.15060541227770347, "lwlrap_val_folds_std": 0.004925593656177299, "lwlrap_oof": 0.23897455632686615, "_step": 0, "_runtime": 1, "_timestamp": 1612093944}