{"acc_val_folds_mean": 0.020833333333333332, "acc_val_folds_std": 0.020833333333333332, "acc_oof": 0.020833333333333332, "lwlrap_val_folds_mean": 0.13237146629641455, "lwlrap_val_folds_std": 0.01618721041207511, "lwlrap_oof": 0.18835824728012085, "_step": 0, "_runtime": 1, "_timestamp": 1612137594}