{"epoch": 2, "loss_trn": 0.21582449972629547, "loss_val": 0.19378170929849148, "acc_val": 0.041666666666666664, "lwlrap_val": 0.15707309606174627, "_step": 1, "_runtime": 7, "_timestamp": 1612443961}