{"epoch": 2, "loss_trn": 0.2536794239034255, "loss_val": 0.2638684865087271, "acc_val": 0.041666666666666664, "_step": 1, "_runtime": 53, "_timestamp": 1611105278}