{"epoch": 2, "loss_trn": 0.25889926093320054, "loss_val": 0.2193920655796925, "acc_val": 0.041666666666666664, "lwlrap_val": 0.17984896712005133, "_step": 1, "_runtime": 7, "_timestamp": 1611991007}