{"acc_val_folds_mean": 0.7344296026445389, "acc_val_folds_std": 0.04100383261100954, "acc_oof": 0.734375, "lwlrap_val_folds_mean": 0.8288383622169494, "lwlrap_val_folds_std": 0.02413287316096109, "lwlrap_oof": 0.8282260894775391, "_step": 1, "_runtime": 1, "_timestamp": 1613449083, "conf_mat_table": {"_type": "table-file", "path": "media/table/conf_mat_table_1_aa8009fc.table.json", "sha256": "aa8009fc7918619f6eca846f0a143ae4650c16cbd0dd0e7722ab83a1b52c5c15", "size": 17502, "ncols": 3, "nrows": 576}}