{"acc_val_folds_mean": 0.041666666666666664, "acc_val_folds_std": 0.0, "acc_oof": 0.020833333333333332, "lwlrap_val_folds_mean": 0.16440702190933126, "lwlrap_val_folds_std": 0.002870007650926709, "lwlrap_oof": 0.20877976715564728, "_step": 0, "_runtime": 1, "_timestamp": 1612312298}