{"epoch": 35, "loss_trn": 0.01216057823245382, "loss_val": 0.06682724408314797, "acc_val": 0.7448559670781894, "lwlrap_val": 0.8296745944023134, "_step": 34, "_runtime": 1882, "_timestamp": 1612401685}