{"epoch": 35, "loss_trn": 0.006662162309866647, "loss_val": 0.06641439222749859, "acc_val": 0.7366255144032922, "lwlrap_val": 0.837529513835907, "_step": 34, "_runtime": 11962, "_timestamp": 1613413213}