{"epoch": 2, "loss_trn": 0.23494024512668452, "loss_val": 0.2131186407059431, "acc_val": 0.041666666666666664, "lwlrap_val": 0.1637715268880129, "_step": 1, "_runtime": 34, "_timestamp": 1612075498}