{"epoch": 2, "loss_trn": 0.26458208945890266, "loss_val": 0.2186245508491993, "acc_val": 0.041666666666666664, "lwlrap_val": 0.17183370050042868, "_step": 1, "_runtime": 46, "_timestamp": 1612093995}