{"epoch": 35, "loss_trn": 0.011169153698294099, "loss_val": 0.06272762198261764, "acc_val": 0.7489711934156379, "lwlrap_val": 0.8343426227569581, "_step": 34, "_runtime": 1868, "_timestamp": 1612333603}