{"epoch": 35, "loss_trn": 0.009974739079737897, "loss_val": 0.06475954763437985, "acc_val": 0.7407407407407407, "lwlrap_val": 0.819852830171585, "_step": 34, "_runtime": 1857, "_timestamp": 1612156481}