{"epoch": 35, "loss_trn": 0.009746956003737855, "loss_val": 0.08208856465997266, "acc_val": 0.6516393442622951, "lwlrap_val": 0.7903119635581971, "_step": 34, "_runtime": 1874, "_timestamp": 1612357135}