{"epoch": 35, "loss_trn": 0.01203818090417004, "loss_val": 0.05625840133906883, "acc_val": 0.7860082304526749, "lwlrap_val": 0.8582223558425902, "_step": 34, "_runtime": 1862, "_timestamp": 1612532137}