{"epoch": 35, "loss_trn": 0.009808197405997124, "loss_val": 0.06883946838386265, "acc_val": 0.7448559670781894, "lwlrap_val": 0.8185753643512726, "_step": 34, "_runtime": 1868, "_timestamp": 1612147120}