{"epoch": 35, "loss_trn": 0.009641376769080192, "loss_val": 0.06701689966237594, "acc_val": 0.7242798353909465, "_step": 34, "_runtime": 1885, "_timestamp": 1611914620}