{"epoch": 35, "loss_trn": 0.010386894998798206, "loss_val": 0.06835819173742223, "acc_val": 0.7325102880658436, "lwlrap_val": 0.8135593807697294, "_step": 34, "_runtime": 1882, "_timestamp": 1612383404}