{"acc_val_folds_mean": 0.7220839236321932, "acc_val_folds_std": 0.03897062590454159, "acc_oof": 0.7220394736842105, "lwlrap_val_folds_mean": 0.8206820223331451, "lwlrap_val_folds_std": 0.024057671960157272, "lwlrap_oof": 0.8201455473899841, "_step": 0, "_runtime": 1, "_timestamp": 1612374021}