{"epoch": 2, "loss_trn": 1.3364150064686935, "loss_val": 0.8097922895103693, "acc_val": 0.041666666666666664, "lwlrap_val": 0.14942561027904352, "_step": 1, "_runtime": 7, "_timestamp": 1612527587}