{"hoge": "a", "_step": 2, "_runtime": 5, "_timestamp": 1611109192, "epoch": 2, "loss_trn": 0.24233158739904562, "loss_val": 0.22005032623807588, "acc_val": 0.0}