{"acc_val_folds_mean": 0.041666666666666664, "acc_val_folds_std": 0.0, "acc_oof": 0.0, "lwlrap_val_folds_mean": 0.1502178362570703, "lwlrap_val_folds_std": 0.0007922259780267782, "lwlrap_oof": 0.06602180749177933, "_step": 0, "_runtime": 1, "_timestamp": 1612527575}