{"epoch": 35, "loss_trn": 0.004664326517604376, "loss_val": 0.06468394251517308, "acc_val": 0.7489711934156379, "lwlrap_val": 0.8303301548957824, "_step": 34, "_runtime": 1876, "_timestamp": 1612517639}