{"acc_val_folds_mean": 0.0, "acc_val_folds_std": 0.0, "acc_oof": 0.0, "lwlrap_val_folds_mean": 0.14602160795281333, "lwlrap_val_folds_std": 0.0008815291027228084, "lwlrap_oof": 0.1439124196767807, "_step": 0, "_runtime": 1, "_timestamp": 1611993927}