{"epoch": 35, "loss_trn": 0.04003327557355747, "loss_val": 0.09740999150913929, "acc_val": 0.6131687242798354, "lwlrap_val": 0.7272072887420654, "_step": 34, "_runtime": 1871, "_timestamp": 1612486641}