{"epoch": 35, "loss_trn": 0.010319656465596922, "loss_val": 0.06555187233068326, "acc_val": 0.7489711934156379, "_step": 34, "_runtime": 1866, "_timestamp": 1611918368}