{"epoch": 2, "loss_trn": 0.2593070088575284, "loss_val": 0.24191380105912685, "acc_val": 0.041666666666666664, "lwlrap_val": 0.15310316486284137, "_step": 1, "_runtime": 6, "_timestamp": 1612312514}