{"epoch": 2, "loss_trn": 0.23802029031018415, "loss_val": 0.24290994678934416, "acc_val": 0.041666666666666664, "lwlrap_val": 0.16153701425840455, "_step": 1, "_runtime": 7, "_timestamp": 1612312286}