{"epoch": 35, "loss_trn": 0.009819257198493135, "loss_val": 0.06806777284285169, "acc_val": 0.7037037037037037, "lwlrap_val": 0.8166222190856933, "_step": 34, "_runtime": 1873, "_timestamp": 1612370275}