{"epoch": 29, "loss_trn": 0.003956446333195849, "loss_val": 0.06315012922924426, "acc_val": 0.7777777777777778, "lwlrap_val": 0.8564470100402831, "_step": 28, "_runtime": 1551, "_timestamp": 1612515757}