{"epoch": 35, "loss_trn": 0.010181181840139143, "loss_val": 0.06687578584983515, "acc_val": 0.7366255144032922, "_step": 34, "_runtime": 1871, "_timestamp": 1611912732}