{"epoch": 35, "loss_trn": 0.010974602365075685, "loss_val": 0.06648531379829709, "acc_val": 0.7489711934156379, "lwlrap_val": 0.8342033696174622, "_step": 34, "_runtime": 1870, "_timestamp": 1612337553}