{"epoch": 2, "loss_trn": 0.25199727217356366, "loss_val": 0.2973993578925729, "acc_val": 0.041666666666666664, "lwlrap_val": 0.14636441568533579, "_step": 1, "_runtime": 6, "_timestamp": 1612312524}