{"epoch": 35, "loss_trn": 0.04454796602001906, "loss_val": 0.14086804082118926, "acc_val": 0.3662551440329218, "lwlrap_val": 0.5228139770030975, "_step": 34, "_runtime": 1876, "_timestamp": 1612315780}