{"epoch": 35, "loss_trn": 0.00963275544709102, "loss_val": 0.06764832917800165, "acc_val": 0.7119341563786008, "lwlrap_val": 0.82363126039505, "_step": 34, "_runtime": 1864, "_timestamp": 1612018197}