{"epoch": 35, "loss_trn": 0.00594422031449535, "loss_val": 0.055712676250640254, "acc_val": 0.7942386831275721, "lwlrap_val": 0.8580325317382813, "_step": 34, "_runtime": 1869, "_timestamp": 1612556254}