{"epoch": 2, "loss_trn": 0.2503649443387985, "loss_val": 0.2112696353966991, "acc_val": 0.041666666666666664, "_step": 1, "_runtime": 6, "_timestamp": 1611906000}