{"acc_val_folds_mean": 0.7113708426094583, "acc_val_folds_std": 0.019700535907863484, "acc_oof": 0.7113486842105263, "lwlrap_val_folds_mean": 0.8102412636280059, "lwlrap_val_folds_std": 0.012827059205567003, "lwlrap_oof": 0.8100379109382629, "_step": 0, "_runtime": 1, "_timestamp": 1612147125}