{"epoch": 4, "loss_trn": 0.09278043272134698, "loss_val": 0.10266037557090892, "acc_val": 0.5163934426229508, "lwlrap_val": 0.66985271692276, "_step": 3, "_runtime": 215, "_timestamp": 1611994354}