{"epoch": 2, "loss_trn": 0.23351561836898327, "loss_val": 0.19957650328675905, "acc_val": 0.041666666666666664, "_step": 1, "_runtime": 7, "_timestamp": 1611906549}