{"acc_val_folds_mean": 0.717145652027255, "acc_val_folds_std": 0.029260860263333424, "acc_oof": 0.7171052631578947, "_step": 0, "_runtime": 1, "_timestamp": 1611918373}