{"epoch": 29, "loss_trn": 0.053076091016674334, "loss_val": 0.14259596144466244, "acc_val": 0.32098765432098764, "lwlrap_val": 0.4851816320419312, "_step": 28, "_runtime": 1551, "_timestamp": 1612320381}