{"epoch": 3, "loss_trn": 0.2367737709234158, "loss_val": 0.22945738894244036, "acc_val": 0.0, "lwlrap_val": 0.14834533647323647, "_step": 2, "_runtime": 50, "_timestamp": 1612074646}