{"epoch": 2, "loss_trn": 0.25795112053553265, "loss_val": 0.24962953912715116, "acc_val": 0.08333333333333333, "lwlrap_val": 0.1768684263030688, "_step": 1, "_runtime": 29, "_timestamp": 1613243949}