{"epoch": 2, "loss_trn": 0.25656519395609695, "loss_val": 0.2779325606922309, "acc_val": 0.08333333333333333, "lwlrap_val": 0.20616296539083123, "_step": 1, "_runtime": 35, "_timestamp": 1612061487}