{"epoch": 2, "loss_trn": 0.26824526985486347, "loss_val": 0.2506120493635535, "acc_val": 0.0, "lwlrap_val": 0.1308693396858871, "_step": 1, "_runtime": 6, "_timestamp": 1612137614}