{"epoch": 1, "loss_trn": 0.3835385702550411, "loss_val": 0.2651171839485566, "acc_val": 0.041666666666666664, "lwlrap_val": 0.18270182407771549, "_step": 0, "_runtime": 4, "_timestamp": 1612413018}