{"epoch": 35, "loss_trn": 0.151010983336119, "loss_val": 0.1522612956459405, "acc_val": 0.16393442622950818, "lwlrap_val": 0.34532525360584254, "_step": 34, "_runtime": 1879, "_timestamp": 1612482893}