{"acc_val_folds_mean": 0.041666666666666664, "acc_val_folds_std": 0.0, "acc_oof": 0.0, "lwlrap_val_folds_mean": 0.1544040699955076, "lwlrap_val_folds_std": 0.006356906068200871, "lwlrap_oof": 0.2416657954454422, "_step": 0, "_runtime": 1, "_timestamp": 1612094188}