{"epoch": 35, "loss_trn": 0.009871021988978735, "loss_val": 0.0615848406858037, "acc_val": 0.7448559670781894, "lwlrap_val": 0.8425957798957824, "_step": 34, "_runtime": 1865, "_timestamp": 1612173297}