{"epoch": 35, "loss_trn": 0.013083529435595898, "loss_val": 0.07680208858393837, "acc_val": 0.7160493827160493, "lwlrap_val": 0.8189697909355163, "_step": 34, "_runtime": 2181, "_timestamp": 1612118128}