{"epoch": 2, "loss_trn": 0.25234000322719413, "loss_val": 0.25665398749212426, "acc_val": 0.08333333333333333, "lwlrap_val": 0.18166938750073314, "_step": 1, "_runtime": 6, "_timestamp": 1612312499}