{"epoch": 27, "loss_trn": 0.045440728103269164, "loss_val": 0.11144535353890171, "acc_val": 0.4897119341563786, "lwlrap_val": 0.6400649362802505, "_step": 26, "_runtime": 9252, "_timestamp": 1613309877}