{"epoch": 35, "loss_trn": 0.010258373408123682, "loss_val": 0.06789128981346701, "acc_val": 0.7283950617283951, "lwlrap_val": 0.8248967242240904, "_step": 34, "_runtime": 1871, "_timestamp": 1612360882}