{"epoch": 35, "loss_trn": 0.15529565651107718, "loss_val": 0.16638228101808517, "acc_val": 0.1557377049180328, "lwlrap_val": 0.3239025175571441, "_step": 34, "_runtime": 1873, "_timestamp": 1612416405}