{"epoch": 35, "loss_trn": 0.009751250429860787, "loss_val": 0.0844774734167779, "acc_val": 0.6475409836065574, "lwlrap_val": 0.7827553486824035, "_step": 34, "_runtime": 1871, "_timestamp": 1612366523}