{"epoch": 35, "loss_trn": 0.010437593378034734, "loss_val": 0.06775800577161734, "acc_val": 0.7366255144032922, "lwlrap_val": 0.8177592861652373, "_step": 34, "_runtime": 1869, "_timestamp": 1612352583}