{"epoch": 35, "loss_trn": 0.012154726325921936, "loss_val": 0.06728998301819028, "acc_val": 0.7448559670781894, "lwlrap_val": 0.8288356995582581, "_step": 34, "_runtime": 1884, "_timestamp": 1612448700}