{"epoch": 35, "loss_trn": 0.005655914936061539, "loss_val": 0.06185392074194955, "acc_val": 0.7736625514403292, "lwlrap_val": 0.8402065014839172, "_step": 34, "_runtime": 1878, "_timestamp": 1612500609}