{"acc_val_folds_mean": 0.041666666666666664, "acc_val_folds_std": 0.0, "acc_oof": 0.0, "lwlrap_val_folds_mean": 0.1561951895710081, "lwlrap_val_folds_std": 0.00020438564630846645, "lwlrap_oof": 0.11425866931676865, "_step": 0, "_runtime": 1, "_timestamp": 1612443994}