{"acc_val_folds_mean": 0.08333333333333333, "acc_val_folds_std": 0.04166666666666667, "acc_oof": 0.0, "_step": 0, "_runtime": 1, "_timestamp": 1611986885}