{"epoch": 35, "loss_trn": 0.06096979354818662, "loss_val": 0.10265961732165735, "acc_val": 0.4918032786885246, "lwlrap_val": 0.6534803962707519, "_step": 34, "_runtime": 1869, "_timestamp": 1612059385}