{"acc_val_folds_mean": 0.041666666666666664, "acc_val_folds_std": 0.0, "acc_oof": 0.0, "lwlrap_val_folds_mean": 0.15945264068432152, "lwlrap_val_folds_std": 0.0055529545837392225, "lwlrap_oof": 0.10413233190774918, "_step": 0, "_runtime": 1, "_timestamp": 1612443940}