{"epoch": 24, "loss_trn": 0.060034536101199965, "loss_val": 0.11201423357744686, "acc_val": 0.5040983606557377, "lwlrap_val": 0.664734877347946, "_step": 23, "_runtime": 8255, "_timestamp": 1613260165}