{"epoch": 26, "loss_trn": 0.051882745324799605, "loss_val": 0.10851285649547851, "acc_val": 0.5102880658436214, "lwlrap_val": 0.6710421895980835, "_step": 25, "_runtime": 8912, "_timestamp": 1613292059}