{"epoch": 35, "loss_trn": 0.011111066863323655, "loss_val": 0.06719401103172283, "acc_val": 0.7448559670781894, "lwlrap_val": 0.837162230014801, "_step": 34, "_runtime": 1875, "_timestamp": 1612150872}