{"epoch": 35, "loss_trn": 0.010318373652502419, "loss_val": 0.06589326138297717, "acc_val": 0.757201646090535, "lwlrap_val": 0.8312355840206145, "_step": 34, "_runtime": 1875, "_timestamp": 1612343176}