{"epoch": 35, "loss_trn": 0.007714404285199106, "loss_val": 0.06394784003802778, "acc_val": 0.7613168724279835, "lwlrap_val": 0.8497447848320009, "_step": 34, "_runtime": 1748, "_timestamp": 1612098507}