{"acc_val_folds_mean": 0.7302907643526952, "acc_val_folds_std": 0.0359784003613863, "acc_oof": 0.7302631578947368, "lwlrap_val_folds_mean": 0.825868019580841, "lwlrap_val_folds_std": 0.020727992003837632, "lwlrap_oof": 0.8259029984474182, "_step": 0, "_runtime": 1, "_timestamp": 1612517645}