{"epoch": 1, "loss_trn": 0.3459833078086376, "loss_val": 0.2827638766417901, "acc_val": 0.0, "lwlrap_val": 0.14868697974209985, "_step": 0, "_runtime": 18, "_timestamp": 1612074891}