{"epoch": 35, "loss_trn": 0.011125814801374909, "loss_val": 0.06207665031461559, "acc_val": 0.7366255144032922, "lwlrap_val": 0.8283628249168395, "_step": 34, "_runtime": 1875, "_timestamp": 1612364643}