{"acc_val_folds_mean": 0.7302975106253795, "acc_val_folds_std": 0.03159887871759756, "acc_oof": 0.7302631578947368, "lwlrap_val_folds_mean": 0.8241072155237198, "lwlrap_val_folds_std": 0.02008352045369666, "lwlrap_oof": 0.8246381878852844, "_step": 0, "_runtime": 1, "_timestamp": 1612165824}