{"epoch": 35, "loss_trn": 0.01048493196609653, "loss_val": 0.08891460517183743, "acc_val": 0.7078189300411523, "lwlrap_val": 0.8012247347831726, "_step": 34, "_runtime": 1864, "_timestamp": 1612477260}