{"epoch": 35, "loss_trn": 0.005326758557595581, "loss_val": 0.060319488753139236, "acc_val": 0.7901234567901234, "lwlrap_val": 0.8578427624702453, "_step": 34, "_runtime": 1886, "_timestamp": 1612494970}