{"epoch": 35, "loss_trn": 0.010955904265875255, "loss_val": 0.06740598190468525, "acc_val": 0.7283950617283951, "lwlrap_val": 0.8276556944847105, "_step": 34, "_runtime": 1849, "_timestamp": 1612020052}