{"epoch": 2, "loss_trn": 0.24760417267680168, "loss_val": 0.22355873013536134, "acc_val": 0.041666666666666664, "lwlrap_val": 0.1472291589404146, "_step": 1, "_runtime": 7, "_timestamp": 1612312490}