{"epoch": 35, "loss_trn": 0.06257787947025564, "loss_val": 0.14595843326361452, "acc_val": 0.29918032786885246, "lwlrap_val": 0.4622931313514709, "_step": 34, "_runtime": 1870, "_timestamp": 1612322260}