{"epoch": 35, "loss_trn": 0.05023131717880853, "loss_val": 0.11214248232788755, "acc_val": 0.5102880658436214, "lwlrap_val": 0.6535605263710023, "_step": 34, "_runtime": 1851, "_timestamp": 1613206742}