{"epoch": 35, "loss_trn": 0.011309157892341848, "loss_val": 0.07218975814465632, "acc_val": 0.691358024691358, "lwlrap_val": 0.796304111480713, "_step": 34, "_runtime": 1874, "_timestamp": 1612081775}