{"epoch": 35, "loss_trn": 0.010923269451744204, "loss_val": 0.06645134868629185, "acc_val": 0.7283950617283951, "lwlrap_val": 0.829136416912079, "_step": 34, "_runtime": 1994, "_timestamp": 1612111758}