{"epoch": 35, "loss_trn": 0.008439473844184047, "loss_val": 0.060303649949408115, "acc_val": 0.7160493827160493, "lwlrap_val": 0.8338096690177915, "_step": 34, "_runtime": 1878, "_timestamp": 1612545263}