{"epoch": 35, "loss_trn": 0.010039689053815824, "loss_val": 0.07724261246468933, "acc_val": 0.6680327868852459, "lwlrap_val": 0.795860457420349, "_step": 34, "_runtime": 1878, "_timestamp": 1612446810}