{"epoch": 35, "loss_trn": 0.06322503967817494, "loss_val": 0.10080095110729398, "acc_val": 0.522633744855967, "lwlrap_val": 0.6643997579813004, "_step": 34, "_runtime": 1873, "_timestamp": 1612066880}