{"epoch": 2, "loss_trn": 0.22811476700007915, "loss_val": 0.18879850270847479, "acc_val": 0.041666666666666664, "lwlrap_val": 0.16242268215864894, "_step": 1, "_runtime": 7, "_timestamp": 1612575010}