{"epoch": 35, "loss_trn": 0.01093640934890337, "loss_val": 0.061798085632960124, "acc_val": 0.7448559670781894, "lwlrap_val": 0.8404493498802187, "_step": 34, "_runtime": 1866, "_timestamp": 1612372145}