{"epoch": 15, "loss_trn": 0.19618694484233856, "loss_val": 0.18550003692507744, "acc_val": 0.0, "lwlrap_val": 0.13753632704416913, "_step": 14, "_runtime": 47, "_timestamp": 1612443539}