{"acc_val_folds_mean": 0.041666666666666664, "acc_val_folds_std": 0.0, "acc_oof": 0.0, "lwlrap_val_folds_mean": 0.1552926222793758, "lwlrap_val_folds_std": 0.007130059879273162, "lwlrap_oof": 0.19477422535419464, "_step": 0, "_runtime": 1, "_timestamp": 1612575024}