{"epoch": 26, "loss_trn": 0.052584141527301606, "loss_val": 0.11375122563338574, "acc_val": 0.48559670781893005, "lwlrap_val": 0.6487376248836517, "_step": 25, "_runtime": 8925, "_timestamp": 1613283143}