{"epoch": 12, "loss_trn": 0.21878238022327423, "loss_val": 0.1934622252980868, "acc_val": 0.041666666666666664, "lwlrap_val": 0.13679571946461994, "_step": 11, "_runtime": 38, "_timestamp": 1612443635}