{"epoch": 2, "loss_trn": 0.2583582879354556, "loss_val": 0.2303855288773775, "acc_val": 0.041666666666666664, "lwlrap_val": 0.14146287584056455, "_step": 1, "_runtime": 6, "_timestamp": 1612137604}