{"epoch": 35, "loss_trn": 0.050864048302173615, "loss_val": 0.10973124022855134, "acc_val": 0.5245901639344263, "lwlrap_val": 0.6698284304141998, "_step": 34, "_runtime": 1866, "_timestamp": 1612576955}