{"epoch": 35, "loss_trn": 0.011615975325370068, "loss_val": 0.07285752821974303, "acc_val": 0.6790123456790124, "lwlrap_val": 0.7981837224960326, "_step": 34, "_runtime": 1882, "_timestamp": 1612145249}