{"acc_val_folds_mean": 0.020833333333333332, "acc_val_folds_std": 0.020833333333333332, "acc_oof": 0.5, "lwlrap_val_folds_mean": 0.08008915038468936, "lwlrap_val_folds_std": 0.08008915038468936, "lwlrap_oof": 0.13151709735393524, "_step": 0, "_runtime": 1, "_timestamp": 1612062455}