{"epoch": 2, "loss_trn": 0.22435108634332815, "loss_val": 0.19146990031003952, "acc_val": 0.08333333333333333, "lwlrap_val": 0.17898993069926894, "_step": 1, "_runtime": 37, "_timestamp": 1613196507}