{"epoch": 35, "loss_trn": 0.011748182262846279, "loss_val": 0.06483421086835763, "acc_val": 0.7489711934156379, "lwlrap_val": 0.8288015890121461, "_step": 34, "_runtime": 1859, "_timestamp": 1612534000}