{"epoch": 35, "loss_trn": 0.12829816534364824, "loss_val": 0.13501364538453733, "acc_val": 0.3333333333333333, "lwlrap_val": 0.4817061865329742, "_step": 34, "_runtime": 1874, "_timestamp": 1612490395}