{"epoch": 15, "loss_trn": 0.179725864281257, "loss_val": 0.18953418545424938, "acc_val": 0.0, "lwlrap_val": 0.10066684490690626, "_step": 14, "_runtime": 238, "_timestamp": 1612075417}