{"epoch": 6, "loss_trn": 0.10770967538342063, "loss_val": 0.11649525251056327, "acc_val": 0.4016393442622951, "lwlrap_val": 0.581481065750122, "_step": 5, "_runtime": 2087, "_timestamp": 1613247170}