{"epoch": 35, "loss_trn": 0.09541272138458852, "loss_val": 0.12113166511549381, "acc_val": 0.3868312757201646, "lwlrap_val": 0.5549825978279114, "_step": 34, "_runtime": 1869, "_timestamp": 1612484766}