{"epoch": 35, "loss_trn": 0.00924435983998356, "loss_val": 0.08174429876638241, "acc_val": 0.6762295081967213, "lwlrap_val": 0.7904810023307799, "_step": 34, "_runtime": 1859, "_timestamp": 1612014457}