{"epoch": 35, "loss_trn": 0.011582904460840884, "loss_val": 0.06732933524490138, "acc_val": 0.7037037037037037, "lwlrap_val": 0.81615345954895, "_step": 34, "_runtime": 1870, "_timestamp": 1612450574}