{"epoch": 35, "loss_trn": 0.00602473714556411, "loss_val": 0.060687125028099545, "acc_val": 0.7695473251028807, "lwlrap_val": 0.8602369904518126, "_step": 34, "_runtime": 1878, "_timestamp": 1612498728}