{"epoch": 35, "loss_trn": 0.007050116379905151, "loss_val": 0.0654194477194376, "acc_val": 0.7242798353909465, "lwlrap_val": 0.8187691235542297, "_step": 34, "_runtime": 1745, "_timestamp": 1612100258}