{"epoch": 35, "loss_trn": 0.012820355582660363, "loss_val": 0.08123058479157139, "acc_val": 0.6147540983606558, "lwlrap_val": 0.7561284899711608, "_step": 34, "_runtime": 2182, "_timestamp": 1612115943}