{"epoch": 35, "loss_trn": 0.15895532037898177, "loss_val": 0.16637051908812897, "acc_val": 0.16049382716049382, "lwlrap_val": 0.31473983734846117, "_step": 34, "_runtime": 1867, "_timestamp": 1612423911}