{"epoch": 35, "loss_trn": 0.010346129504085077, "loss_val": 0.0653294859906283, "acc_val": 0.7613168724279835, "lwlrap_val": 0.829602483510971, "_step": 34, "_runtime": 1876, "_timestamp": 1612021932}