{"epoch": 2, "loss_trn": 1.7042321960131328, "loss_val": 1.1969096455529022, "acc_val": 0.041666666666666664, "lwlrap_val": 0.15101006223509708, "_step": 1, "_runtime": 7, "_timestamp": 1612527599}