{"epoch": 1, "loss_trn": 0.37747723671297234, "loss_val": 0.2635832993934552, "acc_val": 0.041666666666666664, "_step": 0, "_runtime": 5, "_timestamp": 1611905829}