{"epoch": 2, "loss_trn": 0.22293303534388542, "loss_val": 0.21110258996486664, "acc_val": 0.041666666666666664, "lwlrap_val": 0.15639957521731654, "_step": 1, "_runtime": 6, "_timestamp": 1612443989}