{"epoch": 35, "loss_trn": 0.010889792019445814, "loss_val": 0.06166155809927502, "acc_val": 0.7366255144032922, "lwlrap_val": 0.8361206364631654, "_step": 34, "_runtime": 1864, "_timestamp": 1612341296}