{"epoch": 2, "loss_trn": 0.24367122227946916, "loss_val": 0.2501215320080519, "acc_val": 0.041666666666666664, "lwlrap_val": 0.15074390592053533, "_step": 1, "_runtime": 8, "_timestamp": 1612312465}