{"epoch": 35, "loss_trn": 0.00721068071145928, "loss_val": 0.057455222601446594, "acc_val": 0.7901234567901234, "lwlrap_val": 0.8583411669731141, "_step": 34, "_runtime": 1865, "_timestamp": 1612541506}