{"epoch": 2, "loss_trn": 0.2258145703623692, "loss_val": 0.1938425755749146, "acc_val": 0.041666666666666664, "lwlrap_val": 0.1538996861005823, "_step": 1, "_runtime": 7, "_timestamp": 1612443936}