{"epoch": 35, "loss_trn": 0.009703490055163314, "loss_val": 0.06711455958860892, "acc_val": 0.7037037037037037, "lwlrap_val": 0.808021490573883, "_step": 34, "_runtime": 1883, "_timestamp": 1612090890}