{"epoch": 35, "loss_trn": 0.009318835506902937, "loss_val": 0.07034240832452666, "acc_val": 0.6872427983539094, "lwlrap_val": 0.7946603202819824, "_step": 34, "_runtime": 1867, "_timestamp": 1612379648}