{"acc_val_folds_mean": 0.7179552047493759, "acc_val_folds_std": 0.0296740653365752, "acc_oof": 0.7179276315789473, "lwlrap_val_folds_mean": 0.8154005274772643, "lwlrap_val_folds_std": 0.01845715368793774, "lwlrap_oof": 0.8154919147491455, "_step": 0, "_runtime": 1, "_timestamp": 1612383409}