{"epoch": 35, "loss_trn": 0.012053871673760593, "loss_val": 0.06178202615751897, "acc_val": 0.7654320987654321, "lwlrap_val": 0.8487002825737001, "_step": 34, "_runtime": 1863, "_timestamp": 1612327996}