{"epoch": 1, "loss_trn": 0.37906689072648686, "loss_val": 0.27815628920992214, "acc_val": 0.041666666666666664, "_step": 0, "_runtime": 5, "_timestamp": 1611905567}