{"acc_val_folds_mean": 0.041666666666666664, "acc_val_folds_std": 0.0, "acc_oof": 0.0, "lwlrap_val_folds_mean": 0.16335635345118737, "lwlrap_val_folds_std": 0.0073201289245238, "lwlrap_oof": 0.23900163173675537, "_step": 0, "_runtime": 1, "_timestamp": 1612312423}