{"epoch": 2, "loss_trn": 0.25581025891005993, "loss_val": 0.2951610529174407, "acc_val": 0.041666666666666664, "lwlrap_val": 0.15368288522586226, "_step": 1, "_runtime": 44, "_timestamp": 1612094043}