{"epoch": 35, "loss_trn": 0.010548098947956224, "loss_val": 0.06570573551043746, "acc_val": 0.7160493827160493, "lwlrap_val": 0.8189518880844116, "_step": 34, "_runtime": 1871, "_timestamp": 1612079897}