{"epoch": 35, "loss_trn": 0.00930459856056634, "loss_val": 0.069694961302381, "acc_val": 0.6954732510288066, "lwlrap_val": 0.8015722322463987, "_step": 34, "_runtime": 1873, "_timestamp": 1612348824}