{"epoch": 2, "loss_trn": 0.22745945242544016, "loss_val": 0.18295826390385628, "acc_val": 0.041666666666666664, "lwlrap_val": 0.15518829086795446, "_step": 1, "_runtime": 7, "_timestamp": 1612443951}