{"epoch": 1, "loss_trn": 0.37805012116829556, "loss_val": 0.2971919849514961, "acc_val": 0.08333333333333333, "lwlrap_val": 0.1799520899852117, "_step": 0, "_runtime": 4, "_timestamp": 1611990986}