{"epoch": 35, "loss_trn": 0.010940441470267778, "loss_val": 0.06717638668332081, "acc_val": 0.7448559670781894, "lwlrap_val": 0.8318872189521789, "_step": 34, "_runtime": 1871, "_timestamp": 1612368398}