{"epoch": 35, "loss_trn": 0.010163263278034155, "loss_val": 0.06390080380985522, "acc_val": 0.7448559670781894, "lwlrap_val": 0.8367866349220277, "_step": 34, "_runtime": 1867, "_timestamp": 1612163953}