{"epoch": 35, "loss_trn": 0.12411377314795938, "loss_val": 0.14184747719102436, "acc_val": 0.2880658436213992, "lwlrap_val": 0.46442425847053526, "_step": 34, "_runtime": 1881, "_timestamp": 1612422041}