{"epoch": 35, "loss_trn": 0.006760009964076153, "loss_val": 0.07064411551557451, "acc_val": 0.7037037037037037, "lwlrap_val": 0.8035556960105896, "_step": 34, "_runtime": 11950, "_timestamp": 1613425166}