{"acc_val_folds_mean": 0.08333333333333333, "acc_val_folds_std": 0.0, "acc_oof": 0.4583333333333333, "lwlrap_val_folds_mean": 0.1765954302779088, "lwlrap_val_folds_std": 0.002394500421360121, "lwlrap_oof": 0.506538450717926, "_step": 1, "_runtime": 1, "_timestamp": 1613197694, "conf_mat_table": {"_type": "table-file", "path": "media/table/conf_mat_table_1_a9a44956.table.json", "sha256": "a9a4495689e3c4d1d3efa1e68ef0206a235967c169f1aef5b9222b002d66b2d1", "size": 13348, "ncols": 3, "nrows": 441}}