{"epoch": 2, "loss_trn": 0.22578654003640017, "loss_val": 0.1820162826528152, "acc_val": 0.041666666666666664, "lwlrap_val": 0.15765131342535219, "_step": 1, "_runtime": 6, "_timestamp": 1612443883}