{"epoch": 35, "loss_trn": 0.009796925599077418, "loss_val": 0.08283616217677711, "acc_val": 0.6557377049180327, "lwlrap_val": 0.7909174203872679, "_step": 34, "_runtime": 1880, "_timestamp": 1612326129}