{"epoch": 35, "loss_trn": 0.1288749216179931, "loss_val": 0.14156525493158725, "acc_val": 0.2757201646090535, "lwlrap_val": 0.4474050807952881, "_step": 34, "_runtime": 1873, "_timestamp": 1612420156}