{"epoch": 2, "loss_trn": 0.14106018440022622, "loss_val": 0.13582990349197585, "acc_val": 0.27983539094650206, "lwlrap_val": 0.4637195461988449, "_step": 1, "_runtime": 107, "_timestamp": 1612092876}