{"epoch": 35, "loss_trn": 0.009456391433849241, "loss_val": 0.07135707602947337, "acc_val": 0.720164609053498, "lwlrap_val": 0.8260740160942076, "_step": 34, "_runtime": 1871, "_timestamp": 1612094640}