{"epoch": 2, "loss_trn": 0.24757684829334417, "loss_val": 0.2610375036795934, "acc_val": 0.041666666666666664, "lwlrap_val": 0.17067648237571117, "_step": 1, "_runtime": 7, "_timestamp": 1612312419}