{"epoch": 35, "loss_trn": 0.005215340537542644, "loss_val": 0.06190817654439451, "acc_val": 0.7654320987654321, "lwlrap_val": 0.8546174263954162, "_step": 34, "_runtime": 1875, "_timestamp": 1612550638}