{"epoch": 2, "loss_trn": 0.27038964815437794, "loss_val": 0.24042391901214918, "acc_val": 0.041666666666666664, "lwlrap_val": 0.15750040533021092, "_step": 1, "_runtime": 29, "_timestamp": 1613391126}