{"epoch": 35, "loss_trn": 0.050864048302173615, "loss_val": 0.10973124328206797, "acc_val": 0.5245901639344263, "lwlrap_val": 0.6698284304141998, "_step": 34, "_runtime": 1860, "_timestamp": 1613201169}