{"acc_val_folds_mean": 0.041666666666666664, "acc_val_folds_std": 0.0, "acc_oof": 0.0, "lwlrap_val_folds_mean": 0.1595935090444982, "lwlrap_val_folds_std": 0.0019421956191460338, "lwlrap_oof": 0.362847238779068, "_step": 0, "_runtime": 1, "_timestamp": 1612443887}