{"epoch": 35, "loss_trn": 0.007153408401353784, "loss_val": 0.06040861118784167, "acc_val": 0.757201646090535, "lwlrap_val": 0.8367680120468138, "_step": 34, "_runtime": 1748, "_timestamp": 1612103751}