{"acc_val_folds_mean": 0.7319638399784119, "acc_val_folds_std": 0.03518932658115738, "acc_oof": 0.7319078947368421, "lwlrap_val_folds_mean": 0.8296790564060211, "lwlrap_val_folds_std": 0.02114131431735771, "lwlrap_oof": 0.8276031613349915, "_step": 0, "_runtime": 1, "_timestamp": 1612333608}