{"epoch": 32, "loss_trn": 0.00997245752607747, "loss_val": 0.07743783854714636, "acc_val": 0.7037037037037037, "lwlrap_val": 0.8119833517074583, "_step": 31, "_runtime": 1709, "_timestamp": 1612089003}