{"acc_val_folds_mean": 0.020833333333333332, "acc_val_folds_std": 0.020833333333333332, "acc_oof": 0.0, "_step": 0, "_runtime": 2, "_timestamp": 1611991026}