{"epoch": 2, "loss_trn": 0.24964914688219628, "loss_val": 0.21402090322226286, "acc_val": 0.041666666666666664, "_step": 1, "_runtime": 58, "_timestamp": 1611105341}