{"epoch": 24, "loss_trn": 0.05989426794488734, "loss_val": 0.10972414709261206, "acc_val": 0.4918032786885246, "lwlrap_val": 0.657336345911026, "_step": 23, "_runtime": 8239, "_timestamp": 1613274213}