{"epoch": 2, "loss_trn": 0.24721659533679485, "loss_val": 0.26955715132256347, "acc_val": 0.0, "lwlrap_val": 0.13999393628910184, "_step": 1, "_runtime": 7, "_timestamp": 1611991019}