{"epoch": 35, "loss_trn": 0.010196632096871258, "loss_val": 0.06710175873995318, "acc_val": 0.7407407407407407, "lwlrap_val": 0.8279796576499938, "_step": 34, "_runtime": 1864, "_timestamp": 1612016327}