{"epoch": 2, "loss_trn": 0.2686403269569079, "loss_val": 0.24106675013899803, "acc_val": 0.0, "lwlrap_val": 0.11618425588433944, "_step": 1, "_runtime": 6, "_timestamp": 1612137580}