{"epoch": 35, "loss_trn": 0.010288345629401037, "loss_val": 0.0662754563760365, "acc_val": 0.757201646090535, "lwlrap_val": 0.8302168071269986, "_step": 34, "_runtime": 1867, "_timestamp": 1612374016}