{"epoch": 35, "loss_trn": 0.032127413146373913, "loss_val": 0.07689803878588931, "acc_val": 0.720164609053498, "lwlrap_val": 0.82127867937088, "_step": 34, "_runtime": 1866, "_timestamp": 1612475393}