{"acc_val_folds_mean": 0.08333333333333333, "acc_val_folds_std": 0.0, "acc_oof": 0.14583333333333334, "lwlrap_val_folds_mean": 0.17507860499123734, "lwlrap_val_folds_std": 0.0017898213118314604, "lwlrap_oof": 0.3479975759983063, "_step": 1, "_runtime": 1, "_timestamp": 1613244014, "conf_mat_table": {"_type": "table-file", "path": "media/table/conf_mat_table_1_5730182f.table.json", "sha256": "5730182fd77093dc3db5569c9159dba22813bf5fc0ca93833c3b87e4b36d7e2c", "size": 13348, "ncols": 3, "nrows": 441}}