{"epoch": 35, "loss_trn": 0.007958859676656164, "loss_val": 0.07194508374744996, "acc_val": 0.680327868852459, "lwlrap_val": 0.8036873102188112, "_step": 34, "_runtime": 1874, "_timestamp": 1612539637}