{"epoch": 35, "loss_trn": 0.005479364284531492, "loss_val": 0.0649484174686327, "acc_val": 0.7489711934156379, "lwlrap_val": 0.8464867162704469, "_step": 34, "_runtime": 1872, "_timestamp": 1612496846}