{"epoch": 2, "loss_trn": 0.25306934925417107, "loss_val": 0.2088951524347067, "acc_val": 0.041666666666666664, "lwlrap_val": 0.15900441585108638, "_step": 1, "_runtime": 6, "_timestamp": 1612312475}