{"epoch": 35, "loss_trn": 0.009747234753758452, "loss_val": 0.07574736936109476, "acc_val": 0.7049180327868853, "lwlrap_val": 0.8081962418556211, "_step": 34, "_runtime": 1864, "_timestamp": 1612148993}