{"acc_val_folds_mean": 0.020833333333333332, "acc_val_folds_std": 0.020833333333333332, "acc_oof": 0.5, "lwlrap_val_folds_mean": 0.07862141456765433, "lwlrap_val_folds_std": 0.07862141456765433, "lwlrap_oof": 0.09713204950094223, "_step": 0, "_runtime": 2, "_timestamp": 1612443726}