{"epoch": 35, "loss_trn": 0.004261033444637615, "loss_val": 0.06709365558201148, "acc_val": 0.7695473251028807, "lwlrap_val": 0.8486987113952636, "_step": 34, "_runtime": 1857, "_timestamp": 1612460969}