{"epoch": 29, "loss_trn": 0.006379377837541969, "loss_val": 0.08128106508587228, "acc_val": 0.680327868852459, "lwlrap_val": 0.799616572856903, "_step": 28, "_runtime": 9925, "_timestamp": 1613401247}