{"epoch": 11, "loss_trn": 0.14967433933490587, "loss_val": 0.14844885975366734, "acc_val": 0.18032786885245902, "lwlrap_val": 0.3630678194761277, "_step": 10, "_runtime": 587, "_timestamp": 1612528240}