{"epoch": 16, "loss_trn": 0.17544183135032654, "loss_val": 0.23498544842004776, "acc_val": 0.041666666666666664, "lwlrap_val": 0.20683543384075165, "_step": 15, "_runtime": 50, "_timestamp": 1612443593}