{"acc_val_folds_mean": 0.020833333333333332, "acc_val_folds_std": 0.020833333333333332, "acc_oof": 0.5, "_step": 0, "_runtime": 0, "_timestamp": 1611906004}