{"epoch": 35, "loss_trn": 0.010419985088007669, "loss_val": 0.06629984723135768, "acc_val": 0.757201646090535, "lwlrap_val": 0.8290801537036894, "_step": 34, "_runtime": 1861, "_timestamp": 1612175161}