{"epoch": 34, "loss_trn": 0.06338608267220294, "loss_val": 0.14553474429458257, "acc_val": 0.31275720164609055, "lwlrap_val": 0.4770016306638717, "_step": 33, "_runtime": 1829, "_timestamp": 1612324092}