{"epoch": 35, "loss_trn": 0.006938520304950573, "loss_val": 0.06308946486010596, "acc_val": 0.7283950617283951, "lwlrap_val": 0.8352249145507812, "_step": 34, "_runtime": 1739, "_timestamp": 1612102000}