{"epoch": 25, "loss_trn": 0.053000989409291856, "loss_val": 0.11683170296589043, "acc_val": 0.48148148148148145, "lwlrap_val": 0.640036324262619, "_step": 24, "_runtime": 8557, "_timestamp": 1613300621}