{"epoch": 35, "loss_trn": 0.009626688243283336, "loss_val": 0.07266405353575577, "acc_val": 0.6954732510288066, "lwlrap_val": 0.8034148120880125, "_step": 34, "_runtime": 1867, "_timestamp": 1612171429}