{"epoch": 2, "loss_trn": 0.24657831092675528, "loss_val": 0.22170590702444315, "acc_val": 0.041666666666666664, "lwlrap_val": 0.15553100593388078, "_step": 1, "_runtime": 31, "_timestamp": 1612093939}