{"epoch": 2, "loss_trn": 0.2585144316156705, "loss_val": 0.2380096266667048, "acc_val": 0.125, "lwlrap_val": 0.2072123832379778, "_step": 1, "_runtime": 7, "_timestamp": 1611993484}