{"epoch": 30, "loss_trn": 0.003958625129815516, "loss_val": 0.074799968565933, "acc_val": 0.7160493827160493, "lwlrap_val": 0.8109890556335448, "_step": 29, "_runtime": 1610, "_timestamp": 1612505558}