{"epoch": 28, "loss_trn": 0.005946433102643049, "loss_val": 0.07521198851010594, "acc_val": 0.7131147540983607, "lwlrap_val": 0.8237239503860475, "_step": 27, "_runtime": 1507, "_timestamp": 1612493080}