{"epoch": 2, "loss_trn": 0.25580313615500927, "loss_val": 0.2108704208706816, "acc_val": 0.041666666666666664, "lwlrap_val": 0.16017830076937872, "_step": 1, "_runtime": 34, "_timestamp": 1612061603}