{"epoch": 28, "loss_trn": 0.010332345324395984, "loss_val": 0.07967798796589257, "acc_val": 0.6721311475409836, "_step": 27, "_runtime": 1490, "_timestamp": 1611908968}