{"epoch": 35, "loss_trn": 0.01329754385810043, "loss_val": 0.06890859165891944, "acc_val": 0.691358024691358, "lwlrap_val": 0.7999697518348693, "_step": 34, "_runtime": 2177, "_timestamp": 1612122494}