{"acc_val_folds_mean": 0.5049079133778587, "acc_val_folds_std": 0.028643020567762384, "acc_oof": 0.5049342105263158, "lwlrap_val_folds_mean": 0.6601541551351547, "lwlrap_val_folds_std": 0.02132876648588113, "lwlrap_oof": 0.6579638719558716, "_step": 1, "_runtime": 1, "_timestamp": 1613208616, "conf_mat_table": {"_type": "table-file", "path": "media/table/conf_mat_table_1_e1e707aa.table.json", "sha256": "e1e707aaf1c29bccf19d5d3da6482dde75a6fd759782de95bafbdf4e122ea212", "size": 17503, "ncols": 3, "nrows": 576}}