{"epoch": 35, "loss_trn": 0.13371573255338992, "loss_val": 0.13745840574488227, "acc_val": 0.2674897119341564, "lwlrap_val": 0.43813571155071274, "_step": 34, "_runtime": 1870, "_timestamp": 1612418279}