{"epoch": 35, "loss_trn": 0.00833715906200159, "loss_val": 0.06384284843387918, "acc_val": 0.7530864197530864, "lwlrap_val": 0.8461261868476867, "_step": 34, "_runtime": 1872, "_timestamp": 1612543382}