{"epoch": 35, "loss_trn": 0.012859115910210014, "loss_val": 0.07218783644675718, "acc_val": 0.6995884773662552, "lwlrap_val": 0.8064056611061097, "_step": 34, "_runtime": 2180, "_timestamp": 1612124677}