{"acc_val_folds_mean": 0.0625, "acc_val_folds_std": 0.020833333333333332, "acc_oof": 0.0, "lwlrap_val_folds_mean": 0.17020365595817566, "lwlrap_val_folds_std": 0.013690436258912045, "lwlrap_oof": 0.08998174220323563, "_step": 0, "_runtime": 1, "_timestamp": 1612443915}