{"epoch": 2, "loss_trn": 0.2601808402687311, "loss_val": 0.2529548406600952, "acc_val": 0.0, "lwlrap_val": 0.14690313705553612, "_step": 1, "_runtime": 7, "_timestamp": 1612012554}