{"acc_val_folds_mean": 0.041666666666666664, "acc_val_folds_std": 0.0, "acc_oof": 0.0, "lwlrap_val_folds_mean": 0.15269434281314412, "lwlrap_val_folds_std": 0.004806062517066806, "lwlrap_oof": 0.24132466316223145, "_step": 1, "_runtime": 1, "_timestamp": 1613391163, "conf_mat_table": {"_type": "table-file", "path": "media/table/conf_mat_table_1_f3d16a8b.table.json", "sha256": "f3d16a8bfcac9ce2b0b976294108211fc5550fd7a1cc9b7dc1d205dbb714c73d", "size": 13348, "ncols": 3, "nrows": 441}}