{"epoch": 2, "loss_trn": 0.23166902797917524, "loss_val": 0.2129901343335708, "acc_val": 0.041666666666666664, "lwlrap_val": 0.14855867670848966, "_step": 1, "_runtime": 6, "_timestamp": 1612137589}