{"acc_val_folds_mean": 0.041666666666666664, "acc_val_folds_std": 0.0, "acc_oof": 0.0, "lwlrap_val_folds_mean": 0.1573730925253282, "lwlrap_val_folds_std": 0.0036542639912416353, "lwlrap_oof": 0.21939484775066376, "_step": 0, "_runtime": 1, "_timestamp": 1612137545}