{"epoch": 35, "loss_trn": 0.004877732791971389, "loss_val": 0.06408506189568788, "acc_val": 0.7489711934156379, "lwlrap_val": 0.8282608354091644, "_step": 34, "_runtime": 1870, "_timestamp": 1612462843}