{"epoch": 3, "loss_trn": 0.11110079357469524, "loss_val": 0.11431845650076866, "acc_val": 0.42213114754098363, "lwlrap_val": 0.5953350627422334, "_step": 2, "_runtime": 164, "_timestamp": 1612076246}